{"meta": {"version": "7.2.7", "timestamp": "2023-09-22T10:03:36.253726", "branch_coverage": false, "show_contexts": false}, "files": {"src\\common\\Singleton.py": {"executed_lines": [1, 2, 4, 5, 6], "summary": {"covered_lines": 5, "num_statements": 6, "percent_covered": 83.33333333333333, "percent_covered_display": "83", "missing_lines": 1, "excluded_lines": 0}, "missing_lines": [7], "excluded_lines": []}, "src\\common\\enum.py": {"executed_lines": [1, 4, 5, 6, 7, 8, 10, 22, 23, 24, 25, 28, 29, 30, 31, 32, 33, 34, 36], "summary": {"covered_lines": 19, "num_statements": 37, "percent_covered": 51.351351351351354, "percent_covered_display": "51", "missing_lines": 18, "excluded_lines": 0}, "missing_lines": [12, 13, 14, 15, 16, 17, 19, 38, 39, 40, 41, 42, 43, 44, 45, 46, 47, 49], "excluded_lines": []}, "src\\common\\error_handler.py": {"executed_lines": [1, 2, 3, 5, 8, 10, 13, 14, 15, 16, 19, 20, 22, 23, 24, 25, 27, 28, 30, 34], "summary": {"covered_lines": 20, "num_statements": 20, "percent_covered": 100.0, "percent_covered_display": "100", "missing_lines": 0, "excluded_lines": 0}, "missing_lines": [], "excluded_lines": []}, "src\\common\\logger.py": {"executed_lines": [1, 4, 5, 7, 8, 10, 11, 12, 13, 15], "summary": {"covered_lines": 10, "num_statements": 10, "percent_covered": 100.0, "percent_covered_display": "100", "missing_lines": 0, "excluded_lines": 0}, "missing_lines": [], "excluded_lines": []}, "src\\common\\testing_list.py": {"executed_lines": [1, 2, 3, 5, 22, 31, 36, 41, 45, 54, 55, 56, 57, 58, 59, 60, 63, 64, 65, 66, 67, 68, 69, 72, 73, 74, 75, 76, 77, 78, 81, 82, 83, 84, 85, 86, 87, 90, 91, 92, 93, 94, 95, 96, 99, 100, 101, 102, 103, 104, 105, 108, 109, 110, 111, 112, 114, 117, 118, 120, 121, 122, 123, 125, 128, 129, 130, 131, 132, 134, 136, 137, 140], "summary": {"covered_lines": 73, "num_statements": 76, "percent_covered": 96.05263157894737, "percent_covered_display": "96", "missing_lines": 3, "excluded_lines": 0}, "missing_lines": [119, 138, 141], "excluded_lines": []}, "src\\common\\types_list.py": {"executed_lines": [1, 2, 4, 9, 29, 32, 35, 73, 75, 78, 124, 125, 128, 129, 132, 133, 136, 137, 140, 141, 144, 145, 148, 149, 150, 151, 152, 153, 154, 157, 158, 159, 160, 161, 162, 163, 166, 167, 168, 169, 170, 171, 172, 174, 177, 178, 179, 180, 181, 182, 183, 185, 188, 189, 190, 191, 192, 194, 197, 198, 199, 200, 201, 203], "summary": {"covered_lines": 64, "num_statements": 64, "percent_covered": 100.0, "percent_covered_display": "100", "missing_lines": 0, "excluded_lines": 0}, "missing_lines": [], "excluded_lines": []}, "src\\common\\util.py": {"executed_lines": [1, 2, 3, 4, 5, 7, 9, 10, 12, 15, 16, 17, 19, 20, 21, 22, 23, 24, 27, 28, 29, 32, 33, 34, 35, 36, 38, 39, 42, 43, 46, 47, 48, 49, 50, 52, 53, 54, 55, 56, 58, 59, 60, 61, 62, 72, 73, 74, 76], "summary": {"covered_lines": 49, "num_statements": 55, "percent_covered": 89.0909090909091, "percent_covered_display": "89", "missing_lines": 6, "excluded_lines": 0}, "missing_lines": [64, 65, 66, 67, 69, 70], "excluded_lines": []}, "src\\common\\util_parsing.py": {"executed_lines": [1, 2, 5, 6, 7, 8, 9, 12, 13, 14, 15, 16, 17, 18, 19, 20, 21, 22, 24, 27, 28, 29, 30, 31, 32, 33, 34, 35, 37, 40, 44, 48, 52, 87, 88, 89, 90, 91, 92, 93, 95, 98, 99, 100, 101, 102, 111, 112, 113, 114, 116, 118, 121], "summary": {"covered_lines": 53, "num_statements": 84, "percent_covered": 63.095238095238095, "percent_covered_display": "63", "missing_lines": 31, "excluded_lines": 0}, "missing_lines": [41, 45, 49, 53, 54, 56, 57, 58, 60, 61, 62, 64, 65, 66, 72, 73, 74, 76, 77, 78, 80, 81, 82, 84, 94, 104, 106, 107, 109, 119, 123], "excluded_lines": []}, "src\\nlp\\pos_tag.py": {"executed_lines": [1, 3, 12, 15, 16, 17, 18, 20, 34, 35, 36, 37, 39, 40, 43, 44, 46, 49, 52, 53, 54, 55, 56, 57], "summary": {"covered_lines": 24, "num_statements": 27, "percent_covered": 88.88888888888889, "percent_covered_display": "89", "missing_lines": 3, "excluded_lines": 0}, "missing_lines": [21, 41, 47], "excluded_lines": []}, "src\\nlp\\pos_tagger_stanford.py": {"executed_lines": [1, 2, 4, 6, 7, 9, 10, 13, 15, 16, 17, 18, 19, 20, 22, 23, 26, 28, 41], "summary": {"covered_lines": 19, "num_statements": 31, "percent_covered": 61.29032258064516, "percent_covered_display": "61", "missing_lines": 12, "excluded_lines": 0}, "missing_lines": [25, 29, 30, 33, 34, 35, 36, 37, 38, 39, 42, 43], "excluded_lines": []}, "src\\nlp\\related_terms.py": {"executed_lines": [1, 3, 4, 6, 9, 10, 11, 12, 15, 16, 20, 24, 25, 26, 27, 28, 29, 30, 31, 34, 35, 37, 38, 40, 41, 42, 43, 44, 45, 46, 47, 48, 49, 51, 54, 55, 56, 57, 58, 59, 61], "summary": {"covered_lines": 41, "num_statements": 43, "percent_covered": 95.34883720930233, "percent_covered_display": "95", "missing_lines": 2, "excluded_lines": 0}, "missing_lines": [21, 22], "excluded_lines": []}, "src\\nlp\\splitter.py": {"executed_lines": [1, 2, 3, 5, 6, 9, 11, 14, 17, 19, 20, 22, 30], "summary": {"covered_lines": 13, "num_statements": 35, "percent_covered": 37.142857142857146, "percent_covered_display": "37", "missing_lines": 22, "excluded_lines": 0}, "missing_lines": [12, 15, 24, 25, 26, 27, 28, 32, 33, 34, 35, 37, 38, 39, 40, 41, 42, 44, 45, 46, 47, 49], "excluded_lines": []}, "src\\nlp\\term_list.py": {"executed_lines": [1, 3, 24, 30, 35, 45, 49, 55, 65, 72, 89, 92, 93, 94, 95, 96, 97, 98, 101, 102, 103, 104, 105, 106, 107, 110, 111, 112, 113, 114, 115, 116, 119, 120, 121, 122, 123, 124, 125, 128, 129, 130, 131, 132, 133, 134, 137, 138, 139, 140, 141, 142, 143, 146, 147, 148, 149, 150, 151, 152, 155, 156, 157, 158, 159, 160, 161, 164, 165, 166, 167, 168, 169, 170, 173, 174, 175, 176, 177, 178, 179], "summary": {"covered_lines": 81, "num_statements": 81, "percent_covered": 100.0, "percent_covered_display": "100", "missing_lines": 0, "excluded_lines": 0}, "missing_lines": [], "excluded_lines": []}, "src\\nlp\\term_property.py": {"executed_lines": [1, 2, 5, 6, 7, 8, 9, 10, 11, 13, 16, 17, 18, 19, 20, 21, 22, 24], "summary": {"covered_lines": 18, "num_statements": 18, "percent_covered": 100.0, "percent_covered_display": "100", "missing_lines": 0, "excluded_lines": 0}, "missing_lines": [], "excluded_lines": []}, "src\\service\\config_reader.py": {"executed_lines": [], "summary": {"covered_lines": 0, "num_statements": 15, "percent_covered": 0.0, "percent_covered_display": "0", "missing_lines": 15, "excluded_lines": 0}, "missing_lines": [1, 2, 4, 7, 9, 10, 11, 13, 14, 15, 16, 17, 18, 20, 21], "excluded_lines": []}, "src\\service\\factory.py": {"executed_lines": [1, 2, 3, 4, 7, 9, 10, 12, 13, 14, 15, 16, 17, 18, 19, 20, 21, 22, 24, 25, 27], "summary": {"covered_lines": 21, "num_statements": 21, "percent_covered": 100.0, "percent_covered_display": "100", "missing_lines": 0, "excluded_lines": 0}, "missing_lines": [], "excluded_lines": []}, "src\\service\\parser.py": {"executed_lines": [1, 2, 3, 4, 6, 9, 10, 12, 13, 15, 17, 18, 19, 21, 22, 24, 26, 27, 28, 32, 35, 36, 37, 38, 39, 40, 42], "summary": {"covered_lines": 27, "num_statements": 29, "percent_covered": 93.10344827586206, "percent_covered_display": "93", "missing_lines": 2, "excluded_lines": 0}, "missing_lines": [30, 33], "excluded_lines": []}}, "totals": {"covered_lines": 537, "num_statements": 652, "percent_covered": 82.36196319018404, "percent_covered_display": "82", "missing_lines": 115, "excluded_lines": 0}}